"Order","AIC","BIC"
0,1145267.89747544,1145267.89747544
1,505611.585502042,506135.840222241
2,505713.585502042,506762.094942439
