"Order","AIC","BIC"
1,695156.0705842,695704.1622496
2,695260.0705842,696356.253915
0,1533012.68120975,1533012.68120975
