"Order","AIC","BIC"
0,358740.996302046,358740.996302046
1,173331.353015754,173694.088489069
2,173411.353015754,174136.823962384
